topic,paper_proportion,patent_proportion,gap_absolute,gap_index,paper_count,patent_count,Topic,Name,barrier_type
1,0.19282511210762332,0.02307850813929528,0.16974660396832802,0.8803137833706314,43,560,1,1_the_of_and_in,TECHNICAL INFEASIBILITY
4,0.1210762331838565,0.02279002678755409,0.09828620639630242,0.8117712602361274,27,553,4,4_the_of_and_biodiesel,TECHNICAL INFEASIBILITY
0,0.3004484304932735,0.0583144446733979,0.2421339858198756,0.8059086393706308,67,1415,0,0_the_of_and_in,TECHNICAL INFEASIBILITY
5,0.09417040358744394,0.03688440140119514,0.057286002186248804,0.6083227851206421,21,895,5,5_of_and_the_in,SCALING CHALLENGE
2,0.15246636771300448,0.28069235524417885,-0.12822598753117437,-0.8410116241015261,34,6811,2,2_and_of_the_in,OVER-PATENTED (Patent Thicket)
3,0.13901345291479822,0.3414794972182155,-0.2024660443034173,-1.4564492864407115,31,8286,3,3_the_of_and_in,OVER-PATENTED (Patent Thicket)
